fid,title,field_link_ss,link_title,filename,status,timestamp,uid
512,Small Insights Yield Big Results,https://mnspruce.ornl.gov/node/438,Read more,microbes-green_medium.jpg,0,1446149271,2
513,Taking a Deeper Look at Shallow Water,https://mnspruce.ornl.gov/node/446,Read more,peatland-medium.jpg,0,1446151138,2
515,Seeing the Forest for the Trees,https://mnspruce.ornl.gov/galleries,Read more,forest_sunlight_glade.jpg,0,1446153431,2
517,Mountains,https://mnspruce.ornl.gov/node/437,Read more,mountain_valley_ecosystem.jpg,0,1446218694,2
996,"Interior of SPRUCE experimental chamber showing ground-based sensors, tower, and walkways. August 2015",https://mnspruce.ornl.gov/news,Read more,img_5465.jpg,1,1449072333,2
997,View of SPRUCE experimental chamber with supporting electrical and measurement infrastructure at left and heating system and ductwork in foreground. August 2015,https://mnspruce.ornl.gov/news,Read more,img_5690.jpg,1,1449072452,2
1002,"Aerial view of Marcell Experimental Forest, the S1 Bog, and SPRUCE experimental chambers. August 2015.",https://mnspruce.ornl.gov/news,Read more,img_6860.jpg,1,1449073625,2
1148,"SPRUCE Experiment infrastructure -- propane, CO2, and electrical systems",https://mnspruce.ornl.gov/news,Read more,Machinery.jpg,1,1451330939,2
1177,"SPRUCE Experimental Chamber -- exterior and interior views, August 2015",https://mnspruce.ornl.gov/news,Read more,enclosure.png,1,1452712232,17
1294,Terrestrial Laser Scanning point cloud data images of Plot 10 in July 2015 and April 2016,https://mnspruce.ornl.gov/news,Read more,Plot_10_April_July_2016.png,1,1470937655,86